Year,Survey,LocationDesc,DataSource,Topic,Question,StratificationCategory,Stratification,Median,Minimum,Maximum,DataValueUnit,DataValue,LowCI,HighCI,Footnote1,Footnote2,Footnote3,Footnote4,TopicID,QuestionID
2019,State,Alabama,YRBS,Tobacco Use,Currently used electronic vapor products,Sex,Total,23.9,9.7,35.7,%,19.4,15.8,23.6,"*Including e-cigarettes, vapes, vape pens, e-cigars, e-hookahs, hookah pens, and mods, on at least 1 day during the 30 days before the survey.",,,"CI = 95% confidence interval which indicates that 95% of the time, the value is expected to fall within this estimated range.",C02,H35
2019,State,Alabama,YRBS,Tobacco Use,Currently used electronic vapor products,Sex,Female,24.0,10.0,37.5,%,17.3,12.7,23.0,"*Including e-cigarettes, vapes, vape pens, e-cigars, e-hookahs, hookah pens, and mods, on at least 1 day during the 30 days before the survey.",,,"CI = 95% confidence interval which indicates that 95% of the time, the value is expected to fall within this estimated range.",C02,H35
2019,State,Alabama,YRBS,Tobacco Use,Currently used electronic vapor products,Sex,Male,24.1,9.4,34.7,%,20.9,17.5,24.9,"*Including e-cigarettes, vapes, vape pens, e-cigars, e-hookahs, hookah pens, and mods, on at least 1 day during the 30 days before the survey.",,,"CI = 95% confidence interval which indicates that 95% of the time, the value is expected to fall within this estimated range.",C02,H35
2019,State,Alaska,YRBS,Tobacco Use,Currently used electronic vapor products,Sex,Total,23.9,9.7,35.7,%,26.1,22.6,29.9,"*Including e-cigarettes, vapes, vape pens, e-cigars, e-hookahs, hookah pens, and mods, on at least 1 day during the 30 days before the survey.",,,"CI = 95% confidence interval which indicates that 95% of the time, the value is expected to fall within this estimated range.",C02,H35
2019,State,Alaska,YRBS,Tobacco Use,Currently used electronic vapor products,Sex,Female,24.0,10.0,37.5,%,25.3,20.7,30.4,"*Including e-cigarettes, vapes, vape pens, e-cigars, e-hookahs, hookah pens, and mods, on at least 1 day during the 30 days before the survey.",,,"CI = 95% confidence interval which indicates that 95% of the time, the value is expected to fall within this estimated range.",C02,H35
2019,State,Alaska,YRBS,Tobacco Use,Currently used electronic vapor products,Sex,Male,24.1,9.4,34.7,%,26.5,22.2,31.3,"*Including e-cigarettes, vapes, vape pens, e-cigars, e-hookahs, hookah pens, and mods, on at least 1 day during the 30 days before the survey.",,,"CI = 95% confidence interval which indicates that 95% of the time, the value is expected to fall within this estimated range.",C02,H35
2019,State,Arizona,YRBS,Tobacco Use,Currently used electronic vapor products,Sex,Total,23.9,9.7,35.7,%,17.9,14.0,22.7,"*Including e-cigarettes, vapes, vape pens, e-cigars, e-hookahs, hookah pens, and mods, on at least 1 day during the 30 days before the survey.",,,"CI = 95% confidence interval which indicates that 95% of the time, the value is expected to fall within this estimated range.",C02,H35
2019,State,Arizona,YRBS,Tobacco Use,Currently used electronic vapor products,Sex,Female,24.0,10.0,37.5,%,17.1,13.3,21.7,"*Including e-cigarettes, vapes, vape pens, e-cigars, e-hookahs, hookah pens, and mods, on at least 1 day during the 30 days before the survey.",,,"CI = 95% confidence interval which indicates that 95% of the time, the value is expected to fall within this estimated range.",C02,H35
2019,State,Arizona,YRBS,Tobacco Use,Currently used electronic vapor products,Sex,Male,24.1,9.4,34.7,%,18.9,14.0,25.2,"*Including e-cigarettes, vapes, vape pens, e-cigars, e-hookahs, hookah pens, and mods, on at least 1 day during the 30 days before the survey.",,,"CI = 95% confidence interval which indicates that 95% of the time, the value is expected to fall within this estimated range.",C02,H35
2019,State,Arkansas,YRBS,Tobacco Use,Currently used electronic vapor products,Sex,Total,23.9,9.7,35.7,%,24.3,20.5,28.6,"*Including e-cigarettes, vapes, vape pens, e-cigars, e-hookahs, hookah pens, and mods, on at least 1 day during the 30 days before the survey.",,,"CI = 95% confidence interval which indicates that 95% of the time, the value is expected to fall within this estimated range.",C02,H35
2019,State,Arkansas,YRBS,Tobacco Use,Currently used electronic vapor products,Sex,Female,24.0,10.0,37.5,%,20.6,16.3,25.6,"*Including e-cigarettes, vapes, vape pens, e-cigars, e-hookahs, hookah pens, and mods, on at least 1 day during the 30 days before the survey.",,,"CI = 95% confidence interval which indicates that 95% of the time, the value is expected to fall within this estimated range.",C02,H35
2019,State,Arkansas,YRBS,Tobacco Use,Currently used electronic vapor products,Sex,Male,24.1,9.4,34.7,%,27.8,22.9,33.3,"*Including e-cigarettes, vapes, vape pens, e-cigars, e-hookahs, hookah pens, and mods, on at least 1 day during the 30 days before the survey.",,,"CI = 95% confidence interval which indicates that 95% of the time, the value is expected to fall within this estimated range.",C02,H35
2019,State,California,YRBS,Tobacco Use,Currently used electronic vapor products,Sex,Total,23.9,9.7,35.7,%,18.2,15.3,21.4,"*Including e-cigarettes, vapes, vape pens, e-cigars, e-hookahs, hookah pens, and mods, on at least 1 day during the 30 days before the survey.",,,"CI = 95% confidence interval which indicates that 95% of the time, the value is expected to fall within this estimated range.",C02,H35
2019,State,California,YRBS,Tobacco Use,Currently used electronic vapor products,Sex,Female,24.0,10.0,37.5,%,21.3,18.0,25.2,"*Including e-cigarettes, vapes, vape pens, e-cigars, e-hookahs, hookah pens, and mods, on at least 1 day during the 30 days before the survey.",,,"CI = 95% confidence interval which indicates that 95% of the time, the value is expected to fall within this estimated range.",C02,H35
2019,State,California,YRBS,Tobacco Use,Currently used electronic vapor products,Sex,Male,24.1,9.4,34.7,%,15.0,11.5,19.4,"*Including e-cigarettes, vapes, vape pens, e-cigars, e-hookahs, hookah pens, and mods, on at least 1 day during the 30 days before the survey.",,,"CI = 95% confidence interval which indicates that 95% of the time, the value is expected to fall within this estimated range.",C02,H35
2019,State,Colorado,YRBS,Tobacco Use,Currently used electronic vapor products,Sex,Total,23.9,9.7,35.7,%,28.9,24.8,33.4,"*Including e-cigarettes, vapes, vape pens, e-cigars, e-hookahs, hookah pens, and mods, on at least 1 day during the 30 days before the survey.",,,"CI = 95% confidence interval which indicates that 95% of the time, the value is expected to fall within this estimated range.",C02,H35
2019,State,Colorado,YRBS,Tobacco Use,Currently used electronic vapor products,Sex,Female,24.0,10.0,37.5,%,29.7,25.3,34.5,"*Including e-cigarettes, vapes, vape pens, e-cigars, e-hookahs, hookah pens, and mods, on at least 1 day during the 30 days before the survey.",,,"CI = 95% confidence interval which indicates that 95% of the time, the value is expected to fall within this estimated range.",C02,H35
2019,State,Colorado,YRBS,Tobacco Use,Currently used electronic vapor products,Sex,Male,24.1,9.4,34.7,%,28.1,23.4,33.4,"*Including e-cigarettes, vapes, vape pens, e-cigars, e-hookahs, hookah pens, and mods, on at least 1 day during the 30 days before the survey.",,,"CI = 95% confidence interval which indicates that 95% of the time, the value is expected to fall within this estimated range.",C02,H35
2019,State,Connecticut,YRBS,Tobacco Use,Currently used electronic vapor products,Sex,Total,23.9,9.7,35.7,%,27.0,22.8,31.7,"*Including e-cigarettes, vapes, vape pens, e-cigars, e-hookahs, hookah pens, and mods, on at least 1 day during the 30 days before the survey.",,,"CI = 95% confidence interval which indicates that 95% of the time, the value is expected to fall within this estimated range.",C02,H35
2019,State,Connecticut,YRBS,Tobacco Use,Currently used electronic vapor products,Sex,Female,24.0,10.0,37.5,%,30.0,24.8,35.7,"*Including e-cigarettes, vapes, vape pens, e-cigars, e-hookahs, hookah pens, and mods, on at least 1 day during the 30 days before the survey.",,,"CI = 95% confidence interval which indicates that 95% of the time, the value is expected to fall within this estimated range.",C02,H35
2019,State,Connecticut,YRBS,Tobacco Use,Currently used electronic vapor products,Sex,Male,24.1,9.4,34.7,%,24.1,20.1,28.6,"*Including e-cigarettes, vapes, vape pens, e-cigars, e-hookahs, hookah pens, and mods, on at least 1 day during the 30 days before the survey.",,,"CI = 95% confidence interval which indicates that 95% of the time, the value is expected to fall within this estimated range.",C02,H35
2019,State,Georgia,YRBS,Tobacco Use,Currently used electronic vapor products,Sex,Total,23.9,9.7,35.7,%,17.0,13.9,20.6,"*Including e-cigarettes, vapes, vape pens, e-cigars, e-hookahs, hookah pens, and mods, on at least 1 day during the 30 days before the survey.",,,"CI = 95% confidence interval which indicates that 95% of the time, the value is expected to fall within this estimated range.",C02,H35
2019,State,Georgia,YRBS,Tobacco Use,Currently used electronic vapor products,Sex,Female,24.0,10.0,37.5,%,16.4,12.3,21.6,"*Including e-cigarettes, vapes, vape pens, e-cigars, e-hookahs, hookah pens, and mods, on at least 1 day during the 30 days before the survey.",,,"CI = 95% confidence interval which indicates that 95% of the time, the value is expected to fall within this estimated range.",C02,H35
2019,State,Georgia,YRBS,Tobacco Use,Currently used electronic vapor products,Sex,Male,24.1,9.4,34.7,%,17.1,14.2,20.5,"*Including e-cigarettes, vapes, vape pens, e-cigars, e-hookahs, hookah pens, and mods, on at least 1 day during the 30 days before the survey.",,,"CI = 95% confidence interval which indicates that 95% of the time, the value is expected to fall within this estimated range.",C02,H35
2019,State,Hawaii,YRBS,Tobacco Use,Currently used electronic vapor products,Sex,Total,23.9,9.7,35.7,%,30.6,27.6,33.8,"*Including e-cigarettes, vapes, vape pens, e-cigars, e-hookahs, hookah pens, and mods, on at least 1 day during the 30 days before the survey.",,,"CI = 95% confidence interval which indicates that 95% of the time, the value is expected to fall within this estimated range.",C02,H35
2019,State,Hawaii,YRBS,Tobacco Use,Currently used electronic vapor products,Sex,Female,24.0,10.0,37.5,%,33.9,29.7,38.3,"*Including e-cigarettes, vapes, vape pens, e-cigars, e-hookahs, hookah pens, and mods, on at least 1 day during the 30 days before the survey.",,,"CI = 95% confidence interval which indicates that 95% of the time, the value is expected to fall within this estimated range.",C02,H35
2019,State,Hawaii,YRBS,Tobacco Use,Currently used electronic vapor products,Sex,Male,24.1,9.4,34.7,%,27.4,23.9,31.2,"*Including e-cigarettes, vapes, vape pens, e-cigars, e-hookahs, hookah pens, and mods, on at least 1 day during the 30 days before the survey.",,,"CI = 95% confidence interval which indicates that 95% of the time, the value is expected to fall within this estimated range.",C02,H35
2019,State,Idaho,YRBS,Tobacco Use,Currently used electronic vapor products,Sex,Total,23.9,9.7,35.7,%,21.5,18.9,24.4,"*Including e-cigarettes, vapes, vape pens, e-cigars, e-hookahs, hookah pens, and mods, on at least 1 day during the 30 days before the survey.",,,"CI = 95% confidence interval which indicates that 95% of the time, the value is expected to fall within this estimated range.",C02,H35
2019,State,Idaho,YRBS,Tobacco Use,Currently used electronic vapor products,Sex,Female,24.0,10.0,37.5,%,18.9,15.4,23.1,"*Including e-cigarettes, vapes, vape pens, e-cigars, e-hookahs, hookah pens, and mods, on at least 1 day during the 30 days before the survey.",,,"CI = 95% confidence interval which indicates that 95% of the time, the value is expected to fall within this estimated range.",C02,H35
2019,State,Idaho,YRBS,Tobacco Use,Currently used electronic vapor products,Sex,Male,24.1,9.4,34.7,%,24.2,20.8,28.0,"*Including e-cigarettes, vapes, vape pens, e-cigars, e-hookahs, hookah pens, and mods, on at least 1 day during the 30 days before the survey.",,,"CI = 95% confidence interval which indicates that 95% of the time, the value is expected to fall within this estimated range.",C02,H35
2019,State,Illinois,YRBS,Tobacco Use,Currently used electronic vapor products,Sex,Total,23.9,9.7,35.7,%,19.9,17.1,23.0,"*Including e-cigarettes, vapes, vape pens, e-cigars, e-hookahs, hookah pens, and mods, on at least 1 day during the 30 days before the survey.",,,"CI = 95% confidence interval which indicates that 95% of the time, the value is expected to fall within this estimated range.",C02,H35
2019,State,Illinois,YRBS,Tobacco Use,Currently used electronic vapor products,Sex,Female,24.0,10.0,37.5,%,18.7,14.8,23.2,"*Including e-cigarettes, vapes, vape pens, e-cigars, e-hookahs, hookah pens, and mods, on at least 1 day during the 30 days before the survey.",,,"CI = 95% confidence interval which indicates that 95% of the time, the value is expected to fall within this estimated range.",C02,H35
2019,State,Illinois,YRBS,Tobacco Use,Currently used electronic vapor products,Sex,Male,24.1,9.4,34.7,%,20.9,17.0,25.4,"*Including e-cigarettes, vapes, vape pens, e-cigars, e-hookahs, hookah pens, and mods, on at least 1 day during the 30 days before the survey.",,,"CI = 95% confidence interval which indicates that 95% of the time, the value is expected to fall within this estimated range.",C02,H35
2019,State,Iowa,YRBS,Tobacco Use,Currently used electronic vapor products,Sex,Total,23.9,9.7,35.7,%,20.1,16.8,23.8,"*Including e-cigarettes, vapes, vape pens, e-cigars, e-hookahs, hookah pens, and mods, on at least 1 day during the 30 days before the survey.",,,"CI = 95% confidence interval which indicates that 95% of the time, the value is expected to fall within this estimated range.",C02,H35
2019,State,Iowa,YRBS,Tobacco Use,Currently used electronic vapor products,Sex,Female,24.0,10.0,37.5,%,18.0,13.8,23.0,"*Including e-cigarettes, vapes, vape pens, e-cigars, e-hookahs, hookah pens, and mods, on at least 1 day during the 30 days before the survey.",,,"CI = 95% confidence interval which indicates that 95% of the time, the value is expected to fall within this estimated range.",C02,H35
2019,State,Iowa,YRBS,Tobacco Use,Currently used electronic vapor products,Sex,Male,24.1,9.4,34.7,%,21.9,18.5,25.8,"*Including e-cigarettes, vapes, vape pens, e-cigars, e-hookahs, hookah pens, and mods, on at least 1 day during the 30 days before the survey.",,,"CI = 95% confidence interval which indicates that 95% of the time, the value is expected to fall within this estimated range.",C02,H35
2019,State,Kansas,YRBS,Tobacco Use,Currently used electronic vapor products,Sex,Total,23.9,9.7,35.7,%,22.0,18.9,25.5,"*Including e-cigarettes, vapes, vape pens, e-cigars, e-hookahs, hookah pens, and mods, on at least 1 day during the 30 days before the survey.",,,"CI = 95% confidence interval which indicates that 95% of the time, the value is expected to fall within this estimated range.",C02,H35
2019,State,Kansas,YRBS,Tobacco Use,Currently used electronic vapor products,Sex,Female,24.0,10.0,37.5,%,22.8,17.9,28.5,"*Including e-cigarettes, vapes, vape pens, e-cigars, e-hookahs, hookah pens, and mods, on at least 1 day during the 30 days before the survey.",,,"CI = 95% confidence interval which indicates that 95% of the time, the value is expected to fall within this estimated range.",C02,H35
2019,State,Kansas,YRBS,Tobacco Use,Currently used electronic vapor products,Sex,Male,24.1,9.4,34.7,%,21.3,17.5,25.5,"*Including e-cigarettes, vapes, vape pens, e-cigars, e-hookahs, hookah pens, and mods, on at least 1 day during the 30 days before the survey.",,,"CI = 95% confidence interval which indicates that 95% of the time, the value is expected to fall within this estimated range.",C02,H35
2019,State,Kentucky,YRBS,Tobacco Use,Currently used electronic vapor products,Sex,Total,23.9,9.7,35.7,%,26.1,22.0,30.5,"*Including e-cigarettes, vapes, vape pens, e-cigars, e-hookahs, hookah pens, and mods, on at least 1 day during the 30 days before the survey.",,,"CI = 95% confidence interval which indicates that 95% of the time, the value is expected to fall within this estimated range.",C02,H35
2019,State,Kentucky,YRBS,Tobacco Use,Currently used electronic vapor products,Sex,Female,24.0,10.0,37.5,%,24.0,19.4,29.2,"*Including e-cigarettes, vapes, vape pens, e-cigars, e-hookahs, hookah pens, and mods, on at least 1 day during the 30 days before the survey.",,,"CI = 95% confidence interval which indicates that 95% of the time, the value is expected to fall within this estimated range.",C02,H35
2019,State,Kentucky,YRBS,Tobacco Use,Currently used electronic vapor products,Sex,Male,24.1,9.4,34.7,%,27.6,22.9,33.0,"*Including e-cigarettes, vapes, vape pens, e-cigars, e-hookahs, hookah pens, and mods, on at least 1 day during the 30 days before the survey.",,,"CI = 95% confidence interval which indicates that 95% of the time, the value is expected to fall within this estimated range.",C02,H35
2019,State,Louisiana,YRBS,Tobacco Use,Currently used electronic vapor products,Sex,Total,23.9,9.7,35.7,%,22.9,17.7,29.1,"*Including e-cigarettes, vapes, vape pens, e-cigars, e-hookahs, hookah pens, and mods, on at least 1 day during the 30 days before the survey.",,,"CI = 95% confidence interval which indicates that 95% of the time, the value is expected to fall within this estimated range.",C02,H35
2019,State,Louisiana,YRBS,Tobacco Use,Currently used electronic vapor products,Sex,Female,24.0,10.0,37.5,%,19.8,14.6,26.3,"*Including e-cigarettes, vapes, vape pens, e-cigars, e-hookahs, hookah pens, and mods, on at least 1 day during the 30 days before the survey.",,,"CI = 95% confidence interval which indicates that 95% of the time, the value is expected to fall within this estimated range.",C02,H35
2019,State,Louisiana,YRBS,Tobacco Use,Currently used electronic vapor products,Sex,Male,24.1,9.4,34.7,%,26.3,18.6,35.6,"*Including e-cigarettes, vapes, vape pens, e-cigars, e-hookahs, hookah pens, and mods, on at least 1 day during the 30 days before the survey.",,,"CI = 95% confidence interval which indicates that 95% of the time, the value is expected to fall within this estimated range.",C02,H35
2019,State,Maine,YRBS,Tobacco Use,Currently used electronic vapor products,Sex,Total,23.9,9.7,35.7,%,30.2,28.9,31.6,"*Including e-cigarettes, vapes, vape pens, e-cigars, e-hookahs, hookah pens, and mods, on at least 1 day during the 30 days before the survey.",,,"CI = 95% confidence interval which indicates that 95% of the time, the value is expected to fall within this estimated range.",C02,H35
2019,State,Maine,YRBS,Tobacco Use,Currently used electronic vapor products,Sex,Female,24.0,10.0,37.5,%,31.4,29.6,33.2,"*Including e-cigarettes, vapes, vape pens, e-cigars, e-hookahs, hookah pens, and mods, on at least 1 day during the 30 days before the survey.",,,"CI = 95% confidence interval which indicates that 95% of the time, the value is expected to fall within this estimated range.",C02,H35
2019,State,Maine,YRBS,Tobacco Use,Currently used electronic vapor products,Sex,Male,24.1,9.4,34.7,%,28.9,27.1,30.7,"*Including e-cigarettes, vapes, vape pens, e-cigars, e-hookahs, hookah pens, and mods, on at least 1 day during the 30 days before the survey.",,,"CI = 95% confidence interval which indicates that 95% of the time, the value is expected to fall within this estimated range.",C02,H35
2019,State,Maryland,YRBS,Tobacco Use,Currently used electronic vapor products,Sex,Total,23.9,9.7,35.7,%,23.0,22.0,24.1,"*Including e-cigarettes, vapes, vape pens, e-cigars, e-hookahs, hookah pens, and mods, on at least 1 day during the 30 days before the survey.",,,"CI = 95% confidence interval which indicates that 95% of the time, the value is expected to fall within this estimated range.",C02,H35
2019,State,Maryland,YRBS,Tobacco Use,Currently used electronic vapor products,Sex,Female,24.0,10.0,37.5,%,23.1,21.8,24.4,"*Including e-cigarettes, vapes, vape pens, e-cigars, e-hookahs, hookah pens, and mods, on at least 1 day during the 30 days before the survey.",,,"CI = 95% confidence interval which indicates that 95% of the time, the value is expected to fall within this estimated range.",C02,H35
2019,State,Maryland,YRBS,Tobacco Use,Currently used electronic vapor products,Sex,Male,24.1,9.4,34.7,%,22.7,21.4,24.0,"*Including e-cigarettes, vapes, vape pens, e-cigars, e-hookahs, hookah pens, and mods, on at least 1 day during the 30 days before the survey.",,,"CI = 95% confidence interval which indicates that 95% of the time, the value is expected to fall within this estimated range.",C02,H35
2019,State,Massachusetts,YRBS,Tobacco Use,Currently used electronic vapor products,Sex,Total,23.9,9.7,35.7,%,32.2,28.4,36.3,"*Including e-cigarettes, vapes, vape pens, e-cigars, e-hookahs, hookah pens, and mods, on at least 1 day during the 30 days before the survey.",,,"CI = 95% confidence interval which indicates that 95% of the time, the value is expected to fall within this estimated range.",C02,H35
2019,State,Massachusetts,YRBS,Tobacco Use,Currently used electronic vapor products,Sex,Female,24.0,10.0,37.5,%,32.2,28.0,36.8,"*Including e-cigarettes, vapes, vape pens, e-cigars, e-hookahs, hookah pens, and mods, on at least 1 day during the 30 days before the survey.",,,"CI = 95% confidence interval which indicates that 95% of the time, the value is expected to fall within this estimated range.",C02,H35
2019,State,Massachusetts,YRBS,Tobacco Use,Currently used electronic vapor products,Sex,Male,24.1,9.4,34.7,%,31.9,27.2,37.0,"*Including e-cigarettes, vapes, vape pens, e-cigars, e-hookahs, hookah pens, and mods, on at least 1 day during the 30 days before the survey.",,,"CI = 95% confidence interval which indicates that 95% of the time, the value is expected to fall within this estimated range.",C02,H35
2019,State,Michigan,YRBS,Tobacco Use,Currently used electronic vapor products,Sex,Total,23.9,9.7,35.7,%,20.8,17.2,24.9,"*Including e-cigarettes, vapes, vape pens, e-cigars, e-hookahs, hookah pens, and mods, on at least 1 day during the 30 days before the survey.",,,"CI = 95% confidence interval which indicates that 95% of the time, the value is expected to fall within this estimated range.",C02,H35
2019,State,Michigan,YRBS,Tobacco Use,Currently used electronic vapor products,Sex,Female,24.0,10.0,37.5,%,21.5,17.2,26.4,"*Including e-cigarettes, vapes, vape pens, e-cigars, e-hookahs, hookah pens, and mods, on at least 1 day during the 30 days before the survey.",,,"CI = 95% confidence interval which indicates that 95% of the time, the value is expected to fall within this estimated range.",C02,H35
2019,State,Michigan,YRBS,Tobacco Use,Currently used electronic vapor products,Sex,Male,24.1,9.4,34.7,%,20.1,16.1,24.7,"*Including e-cigarettes, vapes, vape pens, e-cigars, e-hookahs, hookah pens, and mods, on at least 1 day during the 30 days before the survey.",,,"CI = 95% confidence interval which indicates that 95% of the time, the value is expected to fall within this estimated range.",C02,H35
2019,State,Mississippi,YRBS,Tobacco Use,Currently used electronic vapor products,Sex,Total,23.9,9.7,35.7,%,21.4,18.2,25.0,"*Including e-cigarettes, vapes, vape pens, e-cigars, e-hookahs, hookah pens, and mods, on at least 1 day during the 30 days before the survey.",,,"CI = 95% confidence interval which indicates that 95% of the time, the value is expected to fall within this estimated range.",C02,H35
2019,State,Mississippi,YRBS,Tobacco Use,Currently used electronic vapor products,Sex,Female,24.0,10.0,37.5,%,19.0,15.3,23.2,"*Including e-cigarettes, vapes, vape pens, e-cigars, e-hookahs, hookah pens, and mods, on at least 1 day during the 30 days before the survey.",,,"CI = 95% confidence interval which indicates that 95% of the time, the value is expected to fall within this estimated range.",C02,H35
2019,State,Mississippi,YRBS,Tobacco Use,Currently used electronic vapor products,Sex,Male,24.1,9.4,34.7,%,23.6,19.5,28.2,"*Including e-cigarettes, vapes, vape pens, e-cigars, e-hookahs, hookah pens, and mods, on at least 1 day during the 30 days before the survey.",,,"CI = 95% confidence interval which indicates that 95% of the time, the value is expected to fall within this estimated range.",C02,H35
2019,State,Missouri,YRBS,Tobacco Use,Currently used electronic vapor products,Sex,Total,23.9,9.7,35.7,%,20.7,16.2,25.9,"*Including e-cigarettes, vapes, vape pens, e-cigars, e-hookahs, hookah pens, and mods, on at least 1 day during the 30 days before the survey.",,,"CI = 95% confidence interval which indicates that 95% of the time, the value is expected to fall within this estimated range.",C02,H35
2019,State,Missouri,YRBS,Tobacco Use,Currently used electronic vapor products,Sex,Female,24.0,10.0,37.5,%,17.9,14.2,22.5,"*Including e-cigarettes, vapes, vape pens, e-cigars, e-hookahs, hookah pens, and mods, on at least 1 day during the 30 days before the survey.",,,"CI = 95% confidence interval which indicates that 95% of the time, the value is expected to fall within this estimated range.",C02,H35
2019,State,Missouri,YRBS,Tobacco Use,Currently used electronic vapor products,Sex,Male,24.1,9.4,34.7,%,23.1,17.2,30.2,"*Including e-cigarettes, vapes, vape pens, e-cigars, e-hookahs, hookah pens, and mods, on at least 1 day during the 30 days before the survey.",,,"CI = 95% confidence interval which indicates that 95% of the time, the value is expected to fall within this estimated range.",C02,H35
2019,State,Montana,YRBS,Tobacco Use,Currently used electronic vapor products,Sex,Total,23.9,9.7,35.7,%,30.2,27.8,32.7,"*Including e-cigarettes, vapes, vape pens, e-cigars, e-hookahs, hookah pens, and mods, on at least 1 day during the 30 days before the survey.",,,"CI = 95% confidence interval which indicates that 95% of the time, the value is expected to fall within this estimated range.",C02,H35
2019,State,Montana,YRBS,Tobacco Use,Currently used electronic vapor products,Sex,Female,24.0,10.0,37.5,%,30.0,27.3,32.8,"*Including e-cigarettes, vapes, vape pens, e-cigars, e-hookahs, hookah pens, and mods, on at least 1 day during the 30 days before the survey.",,,"CI = 95% confidence interval which indicates that 95% of the time, the value is expected to fall within this estimated range.",C02,H35
2019,State,Montana,YRBS,Tobacco Use,Currently used electronic vapor products,Sex,Male,24.1,9.4,34.7,%,30.3,27.1,33.7,"*Including e-cigarettes, vapes, vape pens, e-cigars, e-hookahs, hookah pens, and mods, on at least 1 day during the 30 days before the survey.",,,"CI = 95% confidence interval which indicates that 95% of the time, the value is expected to fall within this estimated range.",C02,H35
2019,State,Nebraska,YRBS,Tobacco Use,Currently used electronic vapor products,Sex,Total,23.9,9.7,35.7,%,17.1,13.6,21.2,"*Including e-cigarettes, vapes, vape pens, e-cigars, e-hookahs, hookah pens, and mods, on at least 1 day during the 30 days before the survey.",,,"CI = 95% confidence interval which indicates that 95% of the time, the value is expected to fall within this estimated range.",C02,H35
2019,State,Nebraska,YRBS,Tobacco Use,Currently used electronic vapor products,Sex,Female,24.0,10.0,37.5,%,16.7,12.7,21.7,"*Including e-cigarettes, vapes, vape pens, e-cigars, e-hookahs, hookah pens, and mods, on at least 1 day during the 30 days before the survey.",,,"CI = 95% confidence interval which indicates that 95% of the time, the value is expected to fall within this estimated range.",C02,H35
2019,State,Nebraska,YRBS,Tobacco Use,Currently used electronic vapor products,Sex,Male,24.1,9.4,34.7,%,17.1,13.0,22.3,"*Including e-cigarettes, vapes, vape pens, e-cigars, e-hookahs, hookah pens, and mods, on at least 1 day during the 30 days before the survey.",,,"CI = 95% confidence interval which indicates that 95% of the time, the value is expected to fall within this estimated range.",C02,H35
2019,State,Nevada,YRBS,Tobacco Use,Currently used electronic vapor products,Sex,Total,23.9,9.7,35.7,%,24.1,21.2,27.3,"*Including e-cigarettes, vapes, vape pens, e-cigars, e-hookahs, hookah pens, and mods, on at least 1 day during the 30 days before the survey.",,,"CI = 95% confidence interval which indicates that 95% of the time, the value is expected to fall within this estimated range.",C02,H35
2019,State,Nevada,YRBS,Tobacco Use,Currently used electronic vapor products,Sex,Female,24.0,10.0,37.5,%,25.0,21.1,29.3,"*Including e-cigarettes, vapes, vape pens, e-cigars, e-hookahs, hookah pens, and mods, on at least 1 day during the 30 days before the survey.",,,"CI = 95% confidence interval which indicates that 95% of the time, the value is expected to fall within this estimated range.",C02,H35
2019,State,Nevada,YRBS,Tobacco Use,Currently used electronic vapor products,Sex,Male,24.1,9.4,34.7,%,23.1,19.2,27.6,"*Including e-cigarettes, vapes, vape pens, e-cigars, e-hookahs, hookah pens, and mods, on at least 1 day during the 30 days before the survey.",,,"CI = 95% confidence interval which indicates that 95% of the time, the value is expected to fall within this estimated range.",C02,H35
2019,State,New Hampshire,YRBS,Tobacco Use,Currently used electronic vapor products,Sex,Total,23.9,9.7,35.7,%,33.8,32.6,35.1,"*Including e-cigarettes, vapes, vape pens, e-cigars, e-hookahs, hookah pens, and mods, on at least 1 day during the 30 days before the survey.",,,"CI = 95% confidence interval which indicates that 95% of the time, the value is expected to fall within this estimated range.",C02,H35
2019,State,New Hampshire,YRBS,Tobacco Use,Currently used electronic vapor products,Sex,Female,24.0,10.0,37.5,%,34.7,33.1,36.3,"*Including e-cigarettes, vapes, vape pens, e-cigars, e-hookahs, hookah pens, and mods, on at least 1 day during the 30 days before the survey.",,,"CI = 95% confidence interval which indicates that 95% of the time, the value is expected to fall within this estimated range.",C02,H35
2019,State,New Hampshire,YRBS,Tobacco Use,Currently used electronic vapor products,Sex,Male,24.1,9.4,34.7,%,32.7,31.1,34.3,"*Including e-cigarettes, vapes, vape pens, e-cigars, e-hookahs, hookah pens, and mods, on at least 1 day during the 30 days before the survey.",,,"CI = 95% confidence interval which indicates that 95% of the time, the value is expected to fall within this estimated range.",C02,H35
2019,State,New Jersey,YRBS,Tobacco Use,Currently used electronic vapor products,Sex,Total,23.9,9.7,35.7,%,27.6,24.0,31.6,"*Including e-cigarettes, vapes, vape pens, e-cigars, e-hookahs, hookah pens, and mods, on at least 1 day during the 30 days before the survey.",,,"CI = 95% confidence interval which indicates that 95% of the time, the value is expected to fall within this estimated range.",C02,H35
2019,State,New Jersey,YRBS,Tobacco Use,Currently used electronic vapor products,Sex,Female,24.0,10.0,37.5,%,26.7,22.2,31.9,"*Including e-cigarettes, vapes, vape pens, e-cigars, e-hookahs, hookah pens, and mods, on at least 1 day during the 30 days before the survey.",,,"CI = 95% confidence interval which indicates that 95% of the time, the value is expected to fall within this estimated range.",C02,H35
2019,State,New Jersey,YRBS,Tobacco Use,Currently used electronic vapor products,Sex,Male,24.1,9.4,34.7,%,28.3,24.3,32.6,"*Including e-cigarettes, vapes, vape pens, e-cigars, e-hookahs, hookah pens, and mods, on at least 1 day during the 30 days before the survey.",,,"CI = 95% confidence interval which indicates that 95% of the time, the value is expected to fall within this estimated range.",C02,H35
2019,State,New Mexico,YRBS,Tobacco Use,Currently used electronic vapor products,Sex,Total,23.9,9.7,35.7,%,34.0,30.7,37.5,"*Including e-cigarettes, vapes, vape pens, e-cigars, e-hookahs, hookah pens, and mods, on at least 1 day during the 30 days before the survey.",,,"CI = 95% confidence interval which indicates that 95% of the time, the value is expected to fall within this estimated range.",C02,H35
2019,State,New Mexico,YRBS,Tobacco Use,Currently used electronic vapor products,Sex,Female,24.0,10.0,37.5,%,34.1,30.5,37.8,"*Including e-cigarettes, vapes, vape pens, e-cigars, e-hookahs, hookah pens, and mods, on at least 1 day during the 30 days before the survey.",,,"CI = 95% confidence interval which indicates that 95% of the time, the value is expected to fall within this estimated range.",C02,H35
2019,State,New Mexico,YRBS,Tobacco Use,Currently used electronic vapor products,Sex,Male,24.1,9.4,34.7,%,34.0,30.6,37.7,"*Including e-cigarettes, vapes, vape pens, e-cigars, e-hookahs, hookah pens, and mods, on at least 1 day during the 30 days before the survey.",,,"CI = 95% confidence interval which indicates that 95% of the time, the value is expected to fall within this estimated range.",C02,H35
2019,State,New York,YRBS,Tobacco Use,Currently used electronic vapor products,Sex,Total,23.9,9.7,35.7,%,22.4,20.4,24.5,"*Including e-cigarettes, vapes, vape pens, e-cigars, e-hookahs, hookah pens, and mods, on at least 1 day during the 30 days before the survey.",,,"CI = 95% confidence interval which indicates that 95% of the time, the value is expected to fall within this estimated range.",C02,H35
2019,State,New York,YRBS,Tobacco Use,Currently used electronic vapor products,Sex,Female,24.0,10.0,37.5,%,24.1,21.3,27.1,"*Including e-cigarettes, vapes, vape pens, e-cigars, e-hookahs, hookah pens, and mods, on at least 1 day during the 30 days before the survey.",,,"CI = 95% confidence interval which indicates that 95% of the time, the value is expected to fall within this estimated range.",C02,H35
2019,State,New York,YRBS,Tobacco Use,Currently used electronic vapor products,Sex,Male,24.1,9.4,34.7,%,20.3,18.2,22.5,"*Including e-cigarettes, vapes, vape pens, e-cigars, e-hookahs, hookah pens, and mods, on at least 1 day during the 30 days before the survey.",,,"CI = 95% confidence interval which indicates that 95% of the time, the value is expected to fall within this estimated range.",C02,H35
2019,State,North Carolina,YRBS,Tobacco Use,Currently used electronic vapor products,Sex,Total,23.9,9.7,35.7,%,35.5,32.5,38.5,"*Including e-cigarettes, vapes, vape pens, e-cigars, e-hookahs, hookah pens, and mods, on at least 1 day during the 30 days before the survey.",,,"CI = 95% confidence interval which indicates that 95% of the time, the value is expected to fall within this estimated range.",C02,H35
2019,State,North Carolina,YRBS,Tobacco Use,Currently used electronic vapor products,Sex,Female,24.0,10.0,37.5,%,37.5,33.8,41.3,"*Including e-cigarettes, vapes, vape pens, e-cigars, e-hookahs, hookah pens, and mods, on at least 1 day during the 30 days before the survey.",,,"CI = 95% confidence interval which indicates that 95% of the time, the value is expected to fall within this estimated range.",C02,H35
2019,State,North Carolina,YRBS,Tobacco Use,Currently used electronic vapor products,Sex,Male,24.1,9.4,34.7,%,33.8,30.3,37.5,"*Including e-cigarettes, vapes, vape pens, e-cigars, e-hookahs, hookah pens, and mods, on at least 1 day during the 30 days before the survey.",,,"CI = 95% confidence interval which indicates that 95% of the time, the value is expected to fall within this estimated range.",C02,H35
2019,State,North Dakota,YRBS,Tobacco Use,Currently used electronic vapor products,Sex,Total,23.9,9.7,35.7,%,33.1,29.8,36.7,"*Including e-cigarettes, vapes, vape pens, e-cigars, e-hookahs, hookah pens, and mods, on at least 1 day during the 30 days before the survey.",,,"CI = 95% confidence interval which indicates that 95% of the time, the value is expected to fall within this estimated range.",C02,H35
2019,State,North Dakota,YRBS,Tobacco Use,Currently used electronic vapor products,Sex,Female,24.0,10.0,37.5,%,31.9,27.7,36.3,"*Including e-cigarettes, vapes, vape pens, e-cigars, e-hookahs, hookah pens, and mods, on at least 1 day during the 30 days before the survey.",,,"CI = 95% confidence interval which indicates that 95% of the time, the value is expected to fall within this estimated range.",C02,H35
2019,State,North Dakota,YRBS,Tobacco Use,Currently used electronic vapor products,Sex,Male,24.1,9.4,34.7,%,34.3,30.2,38.7,"*Including e-cigarettes, vapes, vape pens, e-cigars, e-hookahs, hookah pens, and mods, on at least 1 day during the 30 days before the survey.",,,"CI = 95% confidence interval which indicates that 95% of the time, the value is expected to fall within this estimated range.",C02,H35
2019,State,Ohio,YRBS,Tobacco Use,Currently used electronic vapor products,Sex,Total,23.9,9.7,35.7,%,29.8,25.7,34.3,"*Including e-cigarettes, vapes, vape pens, e-cigars, e-hookahs, hookah pens, and mods, on at least 1 day during the 30 days before the survey.",,,"CI = 95% confidence interval which indicates that 95% of the time, the value is expected to fall within this estimated range.",C02,H35
2019,State,Ohio,YRBS,Tobacco Use,Currently used electronic vapor products,Sex,Female,24.0,10.0,37.5,%,29.3,25.0,34.1,"*Including e-cigarettes, vapes, vape pens, e-cigars, e-hookahs, hookah pens, and mods, on at least 1 day during the 30 days before the survey.",,,"CI = 95% confidence interval which indicates that 95% of the time, the value is expected to fall within this estimated range.",C02,H35
2019,State,Ohio,YRBS,Tobacco Use,Currently used electronic vapor products,Sex,Male,24.1,9.4,34.7,%,30.3,24.7,36.5,"*Including e-cigarettes, vapes, vape pens, e-cigars, e-hookahs, hookah pens, and mods, on at least 1 day during the 30 days before the survey.",,,"CI = 95% confidence interval which indicates that 95% of the time, the value is expected to fall within this estimated range.",C02,H35
2019,State,Oklahoma,YRBS,Tobacco Use,Currently used electronic vapor products,Sex,Total,23.9,9.7,35.7,%,27.8,23.7,32.3,"*Including e-cigarettes, vapes, vape pens, e-cigars, e-hookahs, hookah pens, and mods, on at least 1 day during the 30 days before the survey.",,,"CI = 95% confidence interval which indicates that 95% of the time, the value is expected to fall within this estimated range.",C02,H35
2019,State,Oklahoma,YRBS,Tobacco Use,Currently used electronic vapor products,Sex,Female,24.0,10.0,37.5,%,27.1,21.2,33.9,"*Including e-cigarettes, vapes, vape pens, e-cigars, e-hookahs, hookah pens, and mods, on at least 1 day during the 30 days before the survey.",,,"CI = 95% confidence interval which indicates that 95% of the time, the value is expected to fall within this estimated range.",C02,H35
2019,State,Oklahoma,YRBS,Tobacco Use,Currently used electronic vapor products,Sex,Male,24.1,9.4,34.7,%,28.3,23.7,33.5,"*Including e-cigarettes, vapes, vape pens, e-cigars, e-hookahs, hookah pens, and mods, on at least 1 day during the 30 days before the survey.",,,"CI = 95% confidence interval which indicates that 95% of the time, the value is expected to fall within this estimated range.",C02,H35
2019,State,Pennsylvania,YRBS,Tobacco Use,Currently used electronic vapor products,Sex,Total,23.9,9.7,35.7,%,24.4,21.2,27.9,"*Including e-cigarettes, vapes, vape pens, e-cigars, e-hookahs, hookah pens, and mods, on at least 1 day during the 30 days before the survey.",,,"CI = 95% confidence interval which indicates that 95% of the time, the value is expected to fall within this estimated range.",C02,H35
2019,State,Pennsylvania,YRBS,Tobacco Use,Currently used electronic vapor products,Sex,Female,24.0,10.0,37.5,%,24.3,20.6,28.5,"*Including e-cigarettes, vapes, vape pens, e-cigars, e-hookahs, hookah pens, and mods, on at least 1 day during the 30 days before the survey.",,,"CI = 95% confidence interval which indicates that 95% of the time, the value is expected to fall within this estimated range.",C02,H35
2019,State,Pennsylvania,YRBS,Tobacco Use,Currently used electronic vapor products,Sex,Male,24.1,9.4,34.7,%,24.2,20.3,28.5,"*Including e-cigarettes, vapes, vape pens, e-cigars, e-hookahs, hookah pens, and mods, on at least 1 day during the 30 days before the survey.",,,"CI = 95% confidence interval which indicates that 95% of the time, the value is expected to fall within this estimated range.",C02,H35
2019,State,Rhode Island,YRBS,Tobacco Use,Currently used electronic vapor products,Sex,Total,23.9,9.7,35.7,%,30.1,25.2,35.5,"*Including e-cigarettes, vapes, vape pens, e-cigars, e-hookahs, hookah pens, and mods, on at least 1 day during the 30 days before the survey.",,,"CI = 95% confidence interval which indicates that 95% of the time, the value is expected to fall within this estimated range.",C02,H35
2019,State,Rhode Island,YRBS,Tobacco Use,Currently used electronic vapor products,Sex,Female,24.0,10.0,37.5,%,31.2,26.2,36.7,"*Including e-cigarettes, vapes, vape pens, e-cigars, e-hookahs, hookah pens, and mods, on at least 1 day during the 30 days before the survey.",,,"CI = 95% confidence interval which indicates that 95% of the time, the value is expected to fall within this estimated range.",C02,H35
2019,State,Rhode Island,YRBS,Tobacco Use,Currently used electronic vapor products,Sex,Male,24.1,9.4,34.7,%,28.4,22.9,34.6,"*Including e-cigarettes, vapes, vape pens, e-cigars, e-hookahs, hookah pens, and mods, on at least 1 day during the 30 days before the survey.",,,"CI = 95% confidence interval which indicates that 95% of the time, the value is expected to fall within this estimated range.",C02,H35
2019,State,South Carolina,YRBS,Tobacco Use,Currently used electronic vapor products,Sex,Total,23.9,9.7,35.7,%,21.1,16.2,27.0,"*Including e-cigarettes, vapes, vape pens, e-cigars, e-hookahs, hookah pens, and mods, on at least 1 day during the 30 days before the survey.",,,"CI = 95% confidence interval which indicates that 95% of the time, the value is expected to fall within this estimated range.",C02,H35
2019,State,South Carolina,YRBS,Tobacco Use,Currently used electronic vapor products,Sex,Female,24.0,10.0,37.5,%,20.2,14.5,27.4,"*Including e-cigarettes, vapes, vape pens, e-cigars, e-hookahs, hookah pens, and mods, on at least 1 day during the 30 days before the survey.",,,"CI = 95% confidence interval which indicates that 95% of the time, the value is expected to fall within this estimated range.",C02,H35
2019,State,South Carolina,YRBS,Tobacco Use,Currently used electronic vapor products,Sex,Male,24.1,9.4,34.7,%,21.7,16.6,27.9,"*Including e-cigarettes, vapes, vape pens, e-cigars, e-hookahs, hookah pens, and mods, on at least 1 day during the 30 days before the survey.",,,"CI = 95% confidence interval which indicates that 95% of the time, the value is expected to fall within this estimated range.",C02,H35
2019,State,South Dakota,YRBS,Tobacco Use,Currently used electronic vapor products,Sex,Total,23.9,9.7,35.7,%,23.9,19.5,28.9,"*Including e-cigarettes, vapes, vape pens, e-cigars, e-hookahs, hookah pens, and mods, on at least 1 day during the 30 days before the survey.",,,"CI = 95% confidence interval which indicates that 95% of the time, the value is expected to fall within this estimated range.",C02,H35
2019,State,South Dakota,YRBS,Tobacco Use,Currently used electronic vapor products,Sex,Female,24.0,10.0,37.5,%,24.0,18.3,30.8,"*Including e-cigarettes, vapes, vape pens, e-cigars, e-hookahs, hookah pens, and mods, on at least 1 day during the 30 days before the survey.",,,"CI = 95% confidence interval which indicates that 95% of the time, the value is expected to fall within this estimated range.",C02,H35
2019,State,South Dakota,YRBS,Tobacco Use,Currently used electronic vapor products,Sex,Male,24.1,9.4,34.7,%,23.1,18.8,28.1,"*Including e-cigarettes, vapes, vape pens, e-cigars, e-hookahs, hookah pens, and mods, on at least 1 day during the 30 days before the survey.",,,"CI = 95% confidence interval which indicates that 95% of the time, the value is expected to fall within this estimated range.",C02,H35
2019,State,Tennessee,YRBS,Tobacco Use,Currently used electronic vapor products,Sex,Total,23.9,9.7,35.7,%,22.1,17.6,27.3,"*Including e-cigarettes, vapes, vape pens, e-cigars, e-hookahs, hookah pens, and mods, on at least 1 day during the 30 days before the survey.",,,"CI = 95% confidence interval which indicates that 95% of the time, the value is expected to fall within this estimated range.",C02,H35
2019,State,Tennessee,YRBS,Tobacco Use,Currently used electronic vapor products,Sex,Female,24.0,10.0,37.5,%,21.7,17.3,26.7,"*Including e-cigarettes, vapes, vape pens, e-cigars, e-hookahs, hookah pens, and mods, on at least 1 day during the 30 days before the survey.",,,"CI = 95% confidence interval which indicates that 95% of the time, the value is expected to fall within this estimated range.",C02,H35
2019,State,Tennessee,YRBS,Tobacco Use,Currently used electronic vapor products,Sex,Male,24.1,9.4,34.7,%,22.4,17.4,28.4,"*Including e-cigarettes, vapes, vape pens, e-cigars, e-hookahs, hookah pens, and mods, on at least 1 day during the 30 days before the survey.",,,"CI = 95% confidence interval which indicates that 95% of the time, the value is expected to fall within this estimated range.",C02,H35
2019,State,Texas,YRBS,Tobacco Use,Currently used electronic vapor products,Sex,Total,23.9,9.7,35.7,%,18.7,15.3,22.6,"*Including e-cigarettes, vapes, vape pens, e-cigars, e-hookahs, hookah pens, and mods, on at least 1 day during the 30 days before the survey.",,,"CI = 95% confidence interval which indicates that 95% of the time, the value is expected to fall within this estimated range.",C02,H35
2019,State,Texas,YRBS,Tobacco Use,Currently used electronic vapor products,Sex,Female,24.0,10.0,37.5,%,17.9,14.4,22.2,"*Including e-cigarettes, vapes, vape pens, e-cigars, e-hookahs, hookah pens, and mods, on at least 1 day during the 30 days before the survey.",,,"CI = 95% confidence interval which indicates that 95% of the time, the value is expected to fall within this estimated range.",C02,H35
2019,State,Texas,YRBS,Tobacco Use,Currently used electronic vapor products,Sex,Male,24.1,9.4,34.7,%,19.4,15.3,24.2,"*Including e-cigarettes, vapes, vape pens, e-cigars, e-hookahs, hookah pens, and mods, on at least 1 day during the 30 days before the survey.",,,"CI = 95% confidence interval which indicates that 95% of the time, the value is expected to fall within this estimated range.",C02,H35
2019,State,Utah,YRBS,Tobacco Use,Currently used electronic vapor products,Sex,Total,23.9,9.7,35.7,%,9.7,7.3,12.6,"*Including e-cigarettes, vapes, vape pens, e-cigars, e-hookahs, hookah pens, and mods, on at least 1 day during the 30 days before the survey.",,,"CI = 95% confidence interval which indicates that 95% of the time, the value is expected to fall within this estimated range.",C02,H35
2019,State,Utah,YRBS,Tobacco Use,Currently used electronic vapor products,Sex,Female,24.0,10.0,37.5,%,10.0,7.1,13.9,"*Including e-cigarettes, vapes, vape pens, e-cigars, e-hookahs, hookah pens, and mods, on at least 1 day during the 30 days before the survey.",,,"CI = 95% confidence interval which indicates that 95% of the time, the value is expected to fall within this estimated range.",C02,H35
2019,State,Utah,YRBS,Tobacco Use,Currently used electronic vapor products,Sex,Male,24.1,9.4,34.7,%,9.4,6.4,13.5,"*Including e-cigarettes, vapes, vape pens, e-cigars, e-hookahs, hookah pens, and mods, on at least 1 day during the 30 days before the survey.",,,"CI = 95% confidence interval which indicates that 95% of the time, the value is expected to fall within this estimated range.",C02,H35
2019,State,Vermont,YRBS,Tobacco Use,Currently used electronic vapor products,Sex,Total,23.9,9.7,35.7,%,26.4,25.7,27.1,"*Including e-cigarettes, vapes, vape pens, e-cigars, e-hookahs, hookah pens, and mods, on at least 1 day during the 30 days before the survey.",,,"CI = 95% confidence interval which indicates that 95% of the time, the value is expected to fall within this estimated range.",C02,H35
2019,State,Vermont,YRBS,Tobacco Use,Currently used electronic vapor products,Sex,Female,24.0,10.0,37.5,%,26.8,25.9,27.8,"*Including e-cigarettes, vapes, vape pens, e-cigars, e-hookahs, hookah pens, and mods, on at least 1 day during the 30 days before the survey.",,,"CI = 95% confidence interval which indicates that 95% of the time, the value is expected to fall within this estimated range.",C02,H35
2019,State,Vermont,YRBS,Tobacco Use,Currently used electronic vapor products,Sex,Male,24.1,9.4,34.7,%,26.0,25.1,27.0,"*Including e-cigarettes, vapes, vape pens, e-cigars, e-hookahs, hookah pens, and mods, on at least 1 day during the 30 days before the survey.",,,"CI = 95% confidence interval which indicates that 95% of the time, the value is expected to fall within this estimated range.",C02,H35
2019,State,Virginia,YRBS,Tobacco Use,Currently used electronic vapor products,Sex,Total,23.9,9.7,35.7,%,19.9,18.1,21.9,"*Including e-cigarettes, vapes, vape pens, e-cigars, e-hookahs, hookah pens, and mods, on at least 1 day during the 30 days before the survey.",,,"CI = 95% confidence interval which indicates that 95% of the time, the value is expected to fall within this estimated range.",C02,H35
2019,State,Virginia,YRBS,Tobacco Use,Currently used electronic vapor products,Sex,Female,24.0,10.0,37.5,%,20.2,18.0,22.6,"*Including e-cigarettes, vapes, vape pens, e-cigars, e-hookahs, hookah pens, and mods, on at least 1 day during the 30 days before the survey.",,,"CI = 95% confidence interval which indicates that 95% of the time, the value is expected to fall within this estimated range.",C02,H35
2019,State,Virginia,YRBS,Tobacco Use,Currently used electronic vapor products,Sex,Male,24.1,9.4,34.7,%,19.7,17.5,22.0,"*Including e-cigarettes, vapes, vape pens, e-cigars, e-hookahs, hookah pens, and mods, on at least 1 day during the 30 days before the survey.",,,"CI = 95% confidence interval which indicates that 95% of the time, the value is expected to fall within this estimated range.",C02,H35
2019,State,West Virginia,YRBS,Tobacco Use,Currently used electronic vapor products,Sex,Total,23.9,9.7,35.7,%,35.7,30.7,41.1,"*Including e-cigarettes, vapes, vape pens, e-cigars, e-hookahs, hookah pens, and mods, on at least 1 day during the 30 days before the survey.",,,"CI = 95% confidence interval which indicates that 95% of the time, the value is expected to fall within this estimated range.",C02,H35
2019,State,West Virginia,YRBS,Tobacco Use,Currently used electronic vapor products,Sex,Female,24.0,10.0,37.5,%,36.2,31.3,41.4,"*Including e-cigarettes, vapes, vape pens, e-cigars, e-hookahs, hookah pens, and mods, on at least 1 day during the 30 days before the survey.",,,"CI = 95% confidence interval which indicates that 95% of the time, the value is expected to fall within this estimated range.",C02,H35
2019,State,West Virginia,YRBS,Tobacco Use,Currently used electronic vapor products,Sex,Male,24.1,9.4,34.7,%,34.7,28.4,41.7,"*Including e-cigarettes, vapes, vape pens, e-cigars, e-hookahs, hookah pens, and mods, on at least 1 day during the 30 days before the survey.",,,"CI = 95% confidence interval which indicates that 95% of the time, the value is expected to fall within this estimated range.",C02,H35
2019,State,Wisconsin,YRBS,Tobacco Use,Currently used electronic vapor products,Sex,Total,23.9,9.7,35.7,%,20.6,17.0,24.8,"*Including e-cigarettes, vapes, vape pens, e-cigars, e-hookahs, hookah pens, and mods, on at least 1 day during the 30 days before the survey.",,,"CI = 95% confidence interval which indicates that 95% of the time, the value is expected to fall within this estimated range.",C02,H35
2019,State,Wisconsin,YRBS,Tobacco Use,Currently used electronic vapor products,Sex,Female,24.0,10.0,37.5,%,21.4,17.3,26.0,"*Including e-cigarettes, vapes, vape pens, e-cigars, e-hookahs, hookah pens, and mods, on at least 1 day during the 30 days before the survey.",,,"CI = 95% confidence interval which indicates that 95% of the time, the value is expected to fall within this estimated range.",C02,H35
2019,State,Wisconsin,YRBS,Tobacco Use,Currently used electronic vapor products,Sex,Male,24.1,9.4,34.7,%,20.0,15.5,25.4,"*Including e-cigarettes, vapes, vape pens, e-cigars, e-hookahs, hookah pens, and mods, on at least 1 day during the 30 days before the survey.",,,"CI = 95% confidence interval which indicates that 95% of the time, the value is expected to fall within this estimated range.",C02,H35
2019,Local,"Albuquerque, NM",YRBS,Tobacco Use,Currently used electronic vapor products,Sex,Total,13.9,7.1,40.2,%,33.7,31.8,35.8,"*Including e-cigarettes, vapes, vape pens, e-cigars, e-hookahs, hookah pens, and mods, on at least 1 day during the 30 days before the survey.",,,"CI = 95% confidence interval which indicates that 95% of the time, the value is expected to fall within this estimated range.",C02,H35
2019,Local,"Albuquerque, NM",YRBS,Tobacco Use,Currently used electronic vapor products,Sex,Female,13.2,6.2,41.6,%,34.9,32.3,37.5,"*Including e-cigarettes, vapes, vape pens, e-cigars, e-hookahs, hookah pens, and mods, on at least 1 day during the 30 days before the survey.",,,"CI = 95% confidence interval which indicates that 95% of the time, the value is expected to fall within this estimated range.",C02,H35
2019,Local,"Albuquerque, NM",YRBS,Tobacco Use,Currently used electronic vapor products,Sex,Male,13.8,7.2,38.9,%,32.7,30.0,35.5,"*Including e-cigarettes, vapes, vape pens, e-cigars, e-hookahs, hookah pens, and mods, on at least 1 day during the 30 days before the survey.",,,"CI = 95% confidence interval which indicates that 95% of the time, the value is expected to fall within this estimated range.",C02,H35
2019,Local,"Boston, MA",YRBS,Tobacco Use,Currently used electronic vapor products,Sex,Total,13.9,7.1,40.2,%,12.2,10.0,14.8,"*Including e-cigarettes, vapes, vape pens, e-cigars, e-hookahs, hookah pens, and mods, on at least 1 day during the 30 days before the survey.",,,"CI = 95% confidence interval which indicates that 95% of the time, the value is expected to fall within this estimated range.",C02,H35
2019,Local,"Boston, MA",YRBS,Tobacco Use,Currently used electronic vapor products,Sex,Female,13.2,6.2,41.6,%,13.4,10.4,17.3,"*Including e-cigarettes, vapes, vape pens, e-cigars, e-hookahs, hookah pens, and mods, on at least 1 day during the 30 days before the survey.",,,"CI = 95% confidence interval which indicates that 95% of the time, the value is expected to fall within this estimated range.",C02,H35
2019,Local,"Boston, MA",YRBS,Tobacco Use,Currently used electronic vapor products,Sex,Male,13.8,7.2,38.9,%,10.9,8.2,14.2,"*Including e-cigarettes, vapes, vape pens, e-cigars, e-hookahs, hookah pens, and mods, on at least 1 day during the 30 days before the survey.",,,"CI = 95% confidence interval which indicates that 95% of the time, the value is expected to fall within this estimated range.",C02,H35
2019,Local,"Broward County, FL",YRBS,Tobacco Use,Currently used electronic vapor products,Sex,Total,13.9,7.1,40.2,%,11.4,9.3,13.8,"*Including e-cigarettes, vapes, vape pens, e-cigars, e-hookahs, hookah pens, and mods, on at least 1 day during the 30 days before the survey.",,,"CI = 95% confidence interval which indicates that 95% of the time, the value is expected to fall within this estimated range.",C02,H35
2019,Local,"Broward County, FL",YRBS,Tobacco Use,Currently used electronic vapor products,Sex,Female,13.2,6.2,41.6,%,12.1,9.1,16.0,"*Including e-cigarettes, vapes, vape pens, e-cigars, e-hookahs, hookah pens, and mods, on at least 1 day during the 30 days before the survey.",,,"CI = 95% confidence interval which indicates that 95% of the time, the value is expected to fall within this estimated range.",C02,H35
2019,Local,"Broward County, FL",YRBS,Tobacco Use,Currently used electronic vapor products,Sex,Male,13.8,7.2,38.9,%,10.4,7.6,14.2,"*Including e-cigarettes, vapes, vape pens, e-cigars, e-hookahs, hookah pens, and mods, on at least 1 day during the 30 days before the survey.",,,"CI = 95% confidence interval which indicates that 95% of the time, the value is expected to fall within this estimated range.",C02,H35
2019,Local,"Chicago, IL",YRBS,Tobacco Use,Currently used electronic vapor products,Sex,Total,13.9,7.1,40.2,%,12.4,9.4,16.2,"*Including e-cigarettes, vapes, vape pens, e-cigars, e-hookahs, hookah pens, and mods, on at least 1 day during the 30 days before the survey.",,,"CI = 95% confidence interval which indicates that 95% of the time, the value is expected to fall within this estimated range.",C02,H35
2019,Local,"Chicago, IL",YRBS,Tobacco Use,Currently used electronic vapor products,Sex,Female,13.2,6.2,41.6,%,11.5,8.9,14.8,"*Including e-cigarettes, vapes, vape pens, e-cigars, e-hookahs, hookah pens, and mods, on at least 1 day during the 30 days before the survey.",,,"CI = 95% confidence interval which indicates that 95% of the time, the value is expected to fall within this estimated range.",C02,H35
2019,Local,"Chicago, IL",YRBS,Tobacco Use,Currently used electronic vapor products,Sex,Male,13.8,7.2,38.9,%,12.6,9.0,17.4,"*Including e-cigarettes, vapes, vape pens, e-cigars, e-hookahs, hookah pens, and mods, on at least 1 day during the 30 days before the survey.",,,"CI = 95% confidence interval which indicates that 95% of the time, the value is expected to fall within this estimated range.",C02,H35
2019,Local,"Cleveland, OH",YRBS,Tobacco Use,Currently used electronic vapor products,Sex,Total,13.9,7.1,40.2,%,7.2,5.2,10.0,"*Including e-cigarettes, vapes, vape pens, e-cigars, e-hookahs, hookah pens, and mods, on at least 1 day during the 30 days before the survey.",,,"CI = 95% confidence interval which indicates that 95% of the time, the value is expected to fall within this estimated range.",C02,H35
2019,Local,"Cleveland, OH",YRBS,Tobacco Use,Currently used electronic vapor products,Sex,Female,13.2,6.2,41.6,%,7.1,4.9,10.3,"*Including e-cigarettes, vapes, vape pens, e-cigars, e-hookahs, hookah pens, and mods, on at least 1 day during the 30 days before the survey.",,,"CI = 95% confidence interval which indicates that 95% of the time, the value is expected to fall within this estimated range.",C02,H35
2019,Local,"Cleveland, OH",YRBS,Tobacco Use,Currently used electronic vapor products,Sex,Male,13.8,7.2,38.9,%,7.2,4.4,11.6,"*Including e-cigarettes, vapes, vape pens, e-cigars, e-hookahs, hookah pens, and mods, on at least 1 day during the 30 days before the survey.",,,"CI = 95% confidence interval which indicates that 95% of the time, the value is expected to fall within this estimated range.",C02,H35
2019,Local,District of Columbia,YRBS,Tobacco Use,Currently used electronic vapor products,Sex,Total,13.9,7.1,40.2,%,13.0,12.4,13.7,"*Including e-cigarettes, vapes, vape pens, e-cigars, e-hookahs, hookah pens, and mods, on at least 1 day during the 30 days before the survey.",,,"CI = 95% confidence interval which indicates that 95% of the time, the value is expected to fall within this estimated range.",C02,H35
2019,Local,District of Columbia,YRBS,Tobacco Use,Currently used electronic vapor products,Sex,Female,13.2,6.2,41.6,%,11.2,10.4,12.1,"*Including e-cigarettes, vapes, vape pens, e-cigars, e-hookahs, hookah pens, and mods, on at least 1 day during the 30 days before the survey.",,,"CI = 95% confidence interval which indicates that 95% of the time, the value is expected to fall within this estimated range.",C02,H35
2019,Local,District of Columbia,YRBS,Tobacco Use,Currently used electronic vapor products,Sex,Male,13.8,7.2,38.9,%,14.3,13.3,15.4,"*Including e-cigarettes, vapes, vape pens, e-cigars, e-hookahs, hookah pens, and mods, on at least 1 day during the 30 days before the survey.",,,"CI = 95% confidence interval which indicates that 95% of the time, the value is expected to fall within this estimated range.",C02,H35
2019,Local,"Duval County, FL",YRBS,Tobacco Use,Currently used electronic vapor products,Sex,Total,13.9,7.1,40.2,%,16.5,15.0,18.1,"*Including e-cigarettes, vapes, vape pens, e-cigars, e-hookahs, hookah pens, and mods, on at least 1 day during the 30 days before the survey.",,,"CI = 95% confidence interval which indicates that 95% of the time, the value is expected to fall within this estimated range.",C02,H35
2019,Local,"Duval County, FL",YRBS,Tobacco Use,Currently used electronic vapor products,Sex,Female,13.2,6.2,41.6,%,14.5,12.6,16.6,"*Including e-cigarettes, vapes, vape pens, e-cigars, e-hookahs, hookah pens, and mods, on at least 1 day during the 30 days before the survey.",,,"CI = 95% confidence interval which indicates that 95% of the time, the value is expected to fall within this estimated range.",C02,H35
2019,Local,"Duval County, FL",YRBS,Tobacco Use,Currently used electronic vapor products,Sex,Male,13.8,7.2,38.9,%,16.9,15.0,18.9,"*Including e-cigarettes, vapes, vape pens, e-cigars, e-hookahs, hookah pens, and mods, on at least 1 day during the 30 days before the survey.",,,"CI = 95% confidence interval which indicates that 95% of the time, the value is expected to fall within this estimated range.",C02,H35
2019,Local,"Eaton Consortium, MI",YRBS,Tobacco Use,Currently used electronic vapor products,Sex,Total,13.9,7.1,40.2,%,14.8,11.9,18.4,"*Including e-cigarettes, vapes, vape pens, e-cigars, e-hookahs, hookah pens, and mods, on at least 1 day during the 30 days before the survey.",,,"CI = 95% confidence interval which indicates that 95% of the time, the value is expected to fall within this estimated range.",C02,H35
2019,Local,"Eaton Consortium, MI",YRBS,Tobacco Use,Currently used electronic vapor products,Sex,Female,13.2,6.2,41.6,%,13.2,9.1,18.6,"*Including e-cigarettes, vapes, vape pens, e-cigars, e-hookahs, hookah pens, and mods, on at least 1 day during the 30 days before the survey.",,,"CI = 95% confidence interval which indicates that 95% of the time, the value is expected to fall within this estimated range.",C02,H35
2019,Local,"Eaton Consortium, MI",YRBS,Tobacco Use,Currently used electronic vapor products,Sex,Male,13.8,7.2,38.9,%,15.6,12.1,19.8,"*Including e-cigarettes, vapes, vape pens, e-cigars, e-hookahs, hookah pens, and mods, on at least 1 day during the 30 days before the survey.",,,"CI = 95% confidence interval which indicates that 95% of the time, the value is expected to fall within this estimated range.",C02,H35
2019,Local,"Fort Worth, TX",YRBS,Tobacco Use,Currently used electronic vapor products,Sex,Total,13.9,7.1,40.2,%,12.5,10.5,14.9,"*Including e-cigarettes, vapes, vape pens, e-cigars, e-hookahs, hookah pens, and mods, on at least 1 day during the 30 days before the survey.",,,"CI = 95% confidence interval which indicates that 95% of the time, the value is expected to fall within this estimated range.",C02,H35
2019,Local,"Fort Worth, TX",YRBS,Tobacco Use,Currently used electronic vapor products,Sex,Female,13.2,6.2,41.6,%,12.7,10.1,15.9,"*Including e-cigarettes, vapes, vape pens, e-cigars, e-hookahs, hookah pens, and mods, on at least 1 day during the 30 days before the survey.",,,"CI = 95% confidence interval which indicates that 95% of the time, the value is expected to fall within this estimated range.",C02,H35
2019,Local,"Fort Worth, TX",YRBS,Tobacco Use,Currently used electronic vapor products,Sex,Male,13.8,7.2,38.9,%,12.4,10.0,15.4,"*Including e-cigarettes, vapes, vape pens, e-cigars, e-hookahs, hookah pens, and mods, on at least 1 day during the 30 days before the survey.",,,"CI = 95% confidence interval which indicates that 95% of the time, the value is expected to fall within this estimated range.",C02,H35
2019,Local,"Gaston County, NC",YRBS,Tobacco Use,Currently used electronic vapor products,Sex,Total,13.9,7.1,40.2,%,40.2,37.4,43.0,"*Including e-cigarettes, vapes, vape pens, e-cigars, e-hookahs, hookah pens, and mods, on at least 1 day during the 30 days before the survey.",,,"CI = 95% confidence interval which indicates that 95% of the time, the value is expected to fall within this estimated range.",C02,H35
2019,Local,"Gaston County, NC",YRBS,Tobacco Use,Currently used electronic vapor products,Sex,Female,13.2,6.2,41.6,%,41.6,37.5,45.8,"*Including e-cigarettes, vapes, vape pens, e-cigars, e-hookahs, hookah pens, and mods, on at least 1 day during the 30 days before the survey.",,,"CI = 95% confidence interval which indicates that 95% of the time, the value is expected to fall within this estimated range.",C02,H35
2019,Local,"Gaston County, NC",YRBS,Tobacco Use,Currently used electronic vapor products,Sex,Male,13.8,7.2,38.9,%,38.9,35.3,42.7,"*Including e-cigarettes, vapes, vape pens, e-cigars, e-hookahs, hookah pens, and mods, on at least 1 day during the 30 days before the survey.",,,"CI = 95% confidence interval which indicates that 95% of the time, the value is expected to fall within this estimated range.",C02,H35
2019,Local,"Genesee Consortium, MI",YRBS,Tobacco Use,Currently used electronic vapor products,Sex,Total,13.9,7.1,40.2,%,12.4,10.2,14.9,"*Including e-cigarettes, vapes, vape pens, e-cigars, e-hookahs, hookah pens, and mods, on at least 1 day during the 30 days before the survey.",,,"CI = 95% confidence interval which indicates that 95% of the time, the value is expected to fall within this estimated range.",C02,H35
2019,Local,"Genesee Consortium, MI",YRBS,Tobacco Use,Currently used electronic vapor products,Sex,Female,13.2,6.2,41.6,%,11.8,8.5,16.3,"*Including e-cigarettes, vapes, vape pens, e-cigars, e-hookahs, hookah pens, and mods, on at least 1 day during the 30 days before the survey.",,,"CI = 95% confidence interval which indicates that 95% of the time, the value is expected to fall within this estimated range.",C02,H35
2019,Local,"Genesee Consortium, MI",YRBS,Tobacco Use,Currently used electronic vapor products,Sex,Male,13.8,7.2,38.9,%,12.8,10.0,16.3,"*Including e-cigarettes, vapes, vape pens, e-cigars, e-hookahs, hookah pens, and mods, on at least 1 day during the 30 days before the survey.",,,"CI = 95% confidence interval which indicates that 95% of the time, the value is expected to fall within this estimated range.",C02,H35
2019,Local,"Hillsborough County, FL",YRBS,Tobacco Use,Currently used electronic vapor products,Sex,Total,13.9,7.1,40.2,%,16.1,13.8,18.7,"*Including e-cigarettes, vapes, vape pens, e-cigars, e-hookahs, hookah pens, and mods, on at least 1 day during the 30 days before the survey.",,,"CI = 95% confidence interval which indicates that 95% of the time, the value is expected to fall within this estimated range.",C02,H35
2019,Local,"Hillsborough County, FL",YRBS,Tobacco Use,Currently used electronic vapor products,Sex,Female,13.2,6.2,41.6,%,14.8,12.0,18.0,"*Including e-cigarettes, vapes, vape pens, e-cigars, e-hookahs, hookah pens, and mods, on at least 1 day during the 30 days before the survey.",,,"CI = 95% confidence interval which indicates that 95% of the time, the value is expected to fall within this estimated range.",C02,H35
2019,Local,"Hillsborough County, FL",YRBS,Tobacco Use,Currently used electronic vapor products,Sex,Male,13.8,7.2,38.9,%,17.2,13.6,21.6,"*Including e-cigarettes, vapes, vape pens, e-cigars, e-hookahs, hookah pens, and mods, on at least 1 day during the 30 days before the survey.",,,"CI = 95% confidence interval which indicates that 95% of the time, the value is expected to fall within this estimated range.",C02,H35
2019,Local,"Houston, TX",YRBS,Tobacco Use,Currently used electronic vapor products,Sex,Total,13.9,7.1,40.2,%,11.1,9.4,13.1,"*Including e-cigarettes, vapes, vape pens, e-cigars, e-hookahs, hookah pens, and mods, on at least 1 day during the 30 days before the survey.",,,"CI = 95% confidence interval which indicates that 95% of the time, the value is expected to fall within this estimated range.",C02,H35
2019,Local,"Houston, TX",YRBS,Tobacco Use,Currently used electronic vapor products,Sex,Female,13.2,6.2,41.6,%,11.2,8.8,14.2,"*Including e-cigarettes, vapes, vape pens, e-cigars, e-hookahs, hookah pens, and mods, on at least 1 day during the 30 days before the survey.",,,"CI = 95% confidence interval which indicates that 95% of the time, the value is expected to fall within this estimated range.",C02,H35
2019,Local,"Houston, TX",YRBS,Tobacco Use,Currently used electronic vapor products,Sex,Male,13.8,7.2,38.9,%,10.4,8.3,13.0,"*Including e-cigarettes, vapes, vape pens, e-cigars, e-hookahs, hookah pens, and mods, on at least 1 day during the 30 days before the survey.",,,"CI = 95% confidence interval which indicates that 95% of the time, the value is expected to fall within this estimated range.",C02,H35
2019,Local,"Los Angeles, CA",YRBS,Tobacco Use,Currently used electronic vapor products,Sex,Total,13.9,7.1,40.2,%,11.9,9.7,14.5,"*Including e-cigarettes, vapes, vape pens, e-cigars, e-hookahs, hookah pens, and mods, on at least 1 day during the 30 days before the survey.",,,"CI = 95% confidence interval which indicates that 95% of the time, the value is expected to fall within this estimated range.",C02,H35
2019,Local,"Los Angeles, CA",YRBS,Tobacco Use,Currently used electronic vapor products,Sex,Female,13.2,6.2,41.6,%,11.8,9.2,15.0,"*Including e-cigarettes, vapes, vape pens, e-cigars, e-hookahs, hookah pens, and mods, on at least 1 day during the 30 days before the survey.",,,"CI = 95% confidence interval which indicates that 95% of the time, the value is expected to fall within this estimated range.",C02,H35
2019,Local,"Los Angeles, CA",YRBS,Tobacco Use,Currently used electronic vapor products,Sex,Male,13.8,7.2,38.9,%,12.5,9.1,17.1,"*Including e-cigarettes, vapes, vape pens, e-cigars, e-hookahs, hookah pens, and mods, on at least 1 day during the 30 days before the survey.",,,"CI = 95% confidence interval which indicates that 95% of the time, the value is expected to fall within this estimated range.",C02,H35
2019,Local,"New York City, NY",YRBS,Tobacco Use,Currently used electronic vapor products,Sex,Total,13.9,7.1,40.2,%,15.2,14.0,16.5,"*Including e-cigarettes, vapes, vape pens, e-cigars, e-hookahs, hookah pens, and mods, on at least 1 day during the 30 days before the survey.",,,"CI = 95% confidence interval which indicates that 95% of the time, the value is expected to fall within this estimated range.",C02,H35
2019,Local,"New York City, NY",YRBS,Tobacco Use,Currently used electronic vapor products,Sex,Female,13.2,6.2,41.6,%,15.0,13.3,16.9,"*Including e-cigarettes, vapes, vape pens, e-cigars, e-hookahs, hookah pens, and mods, on at least 1 day during the 30 days before the survey.",,,"CI = 95% confidence interval which indicates that 95% of the time, the value is expected to fall within this estimated range.",C02,H35
2019,Local,"New York City, NY",YRBS,Tobacco Use,Currently used electronic vapor products,Sex,Male,13.8,7.2,38.9,%,14.9,13.4,16.6,"*Including e-cigarettes, vapes, vape pens, e-cigars, e-hookahs, hookah pens, and mods, on at least 1 day during the 30 days before the survey.",,,"CI = 95% confidence interval which indicates that 95% of the time, the value is expected to fall within this estimated range.",C02,H35
2019,Local,"Newark, NJ",YRBS,Tobacco Use,Currently used electronic vapor products,Sex,Total,13.9,7.1,40.2,%,8.3,6.0,11.3,"*Including e-cigarettes, vapes, vape pens, e-cigars, e-hookahs, hookah pens, and mods, on at least 1 day during the 30 days before the survey.",,,"CI = 95% confidence interval which indicates that 95% of the time, the value is expected to fall within this estimated range.",C02,H35
2019,Local,"Newark, NJ",YRBS,Tobacco Use,Currently used electronic vapor products,Sex,Female,13.2,6.2,41.6,%,6.4,4.4,9.2,"*Including e-cigarettes, vapes, vape pens, e-cigars, e-hookahs, hookah pens, and mods, on at least 1 day during the 30 days before the survey.",,,"CI = 95% confidence interval which indicates that 95% of the time, the value is expected to fall within this estimated range.",C02,H35
2019,Local,"Newark, NJ",YRBS,Tobacco Use,Currently used electronic vapor products,Sex,Male,13.8,7.2,38.9,%,10.1,6.9,14.5,"*Including e-cigarettes, vapes, vape pens, e-cigars, e-hookahs, hookah pens, and mods, on at least 1 day during the 30 days before the survey.",,,"CI = 95% confidence interval which indicates that 95% of the time, the value is expected to fall within this estimated range.",C02,H35
2019,Local,"Oakland, CA",YRBS,Tobacco Use,Currently used electronic vapor products,Sex,Total,13.9,7.1,40.2,%,8.0,5.9,10.9,"*Including e-cigarettes, vapes, vape pens, e-cigars, e-hookahs, hookah pens, and mods, on at least 1 day during the 30 days before the survey.",,,"CI = 95% confidence interval which indicates that 95% of the time, the value is expected to fall within this estimated range.",C02,H35
2019,Local,"Oakland, CA",YRBS,Tobacco Use,Currently used electronic vapor products,Sex,Female,13.2,6.2,41.6,%,7.6,5.0,11.2,"*Including e-cigarettes, vapes, vape pens, e-cigars, e-hookahs, hookah pens, and mods, on at least 1 day during the 30 days before the survey.",,,"CI = 95% confidence interval which indicates that 95% of the time, the value is expected to fall within this estimated range.",C02,H35
2019,Local,"Oakland, CA",YRBS,Tobacco Use,Currently used electronic vapor products,Sex,Male,13.8,7.2,38.9,%,8.3,5.6,12.3,"*Including e-cigarettes, vapes, vape pens, e-cigars, e-hookahs, hookah pens, and mods, on at least 1 day during the 30 days before the survey.",,,"CI = 95% confidence interval which indicates that 95% of the time, the value is expected to fall within this estimated range.",C02,H35
2019,Local,"Orange County, FL",YRBS,Tobacco Use,Currently used electronic vapor products,Sex,Total,13.9,7.1,40.2,%,15.5,12.3,19.4,"*Including e-cigarettes, vapes, vape pens, e-cigars, e-hookahs, hookah pens, and mods, on at least 1 day during the 30 days before the survey.",,,"CI = 95% confidence interval which indicates that 95% of the time, the value is expected to fall within this estimated range.",C02,H35
2019,Local,"Orange County, FL",YRBS,Tobacco Use,Currently used electronic vapor products,Sex,Female,13.2,6.2,41.6,%,14.8,11.2,19.3,"*Including e-cigarettes, vapes, vape pens, e-cigars, e-hookahs, hookah pens, and mods, on at least 1 day during the 30 days before the survey.",,,"CI = 95% confidence interval which indicates that 95% of the time, the value is expected to fall within this estimated range.",C02,H35
2019,Local,"Orange County, FL",YRBS,Tobacco Use,Currently used electronic vapor products,Sex,Male,13.8,7.2,38.9,%,15.6,11.3,21.1,"*Including e-cigarettes, vapes, vape pens, e-cigars, e-hookahs, hookah pens, and mods, on at least 1 day during the 30 days before the survey.",,,"CI = 95% confidence interval which indicates that 95% of the time, the value is expected to fall within this estimated range.",C02,H35
2019,Local,"Palm Beach County, FL",YRBS,Tobacco Use,Currently used electronic vapor products,Sex,Total,13.9,7.1,40.2,%,16.7,14.6,19.0,"*Including e-cigarettes, vapes, vape pens, e-cigars, e-hookahs, hookah pens, and mods, on at least 1 day during the 30 days before the survey.",,,"CI = 95% confidence interval which indicates that 95% of the time, the value is expected to fall within this estimated range.",C02,H35
2019,Local,"Palm Beach County, FL",YRBS,Tobacco Use,Currently used electronic vapor products,Sex,Female,13.2,6.2,41.6,%,16.5,14.0,19.3,"*Including e-cigarettes, vapes, vape pens, e-cigars, e-hookahs, hookah pens, and mods, on at least 1 day during the 30 days before the survey.",,,"CI = 95% confidence interval which indicates that 95% of the time, the value is expected to fall within this estimated range.",C02,H35
2019,Local,"Palm Beach County, FL",YRBS,Tobacco Use,Currently used electronic vapor products,Sex,Male,13.8,7.2,38.9,%,16.3,13.5,19.6,"*Including e-cigarettes, vapes, vape pens, e-cigars, e-hookahs, hookah pens, and mods, on at least 1 day during the 30 days before the survey.",,,"CI = 95% confidence interval which indicates that 95% of the time, the value is expected to fall within this estimated range.",C02,H35
2019,Local,"Pasco County, FL",YRBS,Tobacco Use,Currently used electronic vapor products,Sex,Total,13.9,7.1,40.2,%,20.0,17.7,22.6,"*Including e-cigarettes, vapes, vape pens, e-cigars, e-hookahs, hookah pens, and mods, on at least 1 day during the 30 days before the survey.",,,"CI = 95% confidence interval which indicates that 95% of the time, the value is expected to fall within this estimated range.",C02,H35
2019,Local,"Pasco County, FL",YRBS,Tobacco Use,Currently used electronic vapor products,Sex,Female,13.2,6.2,41.6,%,20.1,17.2,23.4,"*Including e-cigarettes, vapes, vape pens, e-cigars, e-hookahs, hookah pens, and mods, on at least 1 day during the 30 days before the survey.",,,"CI = 95% confidence interval which indicates that 95% of the time, the value is expected to fall within this estimated range.",C02,H35
2019,Local,"Pasco County, FL",YRBS,Tobacco Use,Currently used electronic vapor products,Sex,Male,13.8,7.2,38.9,%,19.1,16.0,22.7,"*Including e-cigarettes, vapes, vape pens, e-cigars, e-hookahs, hookah pens, and mods, on at least 1 day during the 30 days before the survey.",,,"CI = 95% confidence interval which indicates that 95% of the time, the value is expected to fall within this estimated range.",C02,H35
2019,Local,"Philadelphia, PA",YRBS,Tobacco Use,Currently used electronic vapor products,Sex,Total,13.9,7.1,40.2,%,7.1,5.5,9.2,"*Including e-cigarettes, vapes, vape pens, e-cigars, e-hookahs, hookah pens, and mods, on at least 1 day during the 30 days before the survey.",,,"CI = 95% confidence interval which indicates that 95% of the time, the value is expected to fall within this estimated range.",C02,H35
2019,Local,"Philadelphia, PA",YRBS,Tobacco Use,Currently used electronic vapor products,Sex,Female,13.2,6.2,41.6,%,6.2,4.0,9.4,"*Including e-cigarettes, vapes, vape pens, e-cigars, e-hookahs, hookah pens, and mods, on at least 1 day during the 30 days before the survey.",,,"CI = 95% confidence interval which indicates that 95% of the time, the value is expected to fall within this estimated range.",C02,H35
2019,Local,"Philadelphia, PA",YRBS,Tobacco Use,Currently used electronic vapor products,Sex,Male,13.8,7.2,38.9,%,7.8,5.4,11.1,"*Including e-cigarettes, vapes, vape pens, e-cigars, e-hookahs, hookah pens, and mods, on at least 1 day during the 30 days before the survey.",,,"CI = 95% confidence interval which indicates that 95% of the time, the value is expected to fall within this estimated range.",C02,H35
2019,Local,"Portland, OR",YRBS,Tobacco Use,Currently used electronic vapor products,Sex,Total,13.9,7.1,40.2,%,13.9,11.9,16.2,"*Including e-cigarettes, vapes, vape pens, e-cigars, e-hookahs, hookah pens, and mods, on at least 1 day during the 30 days before the survey.",,,"CI = 95% confidence interval which indicates that 95% of the time, the value is expected to fall within this estimated range.",C02,H35
2019,Local,"Portland, OR",YRBS,Tobacco Use,Currently used electronic vapor products,Sex,Female,13.2,6.2,41.6,%,13.1,10.6,16.0,"*Including e-cigarettes, vapes, vape pens, e-cigars, e-hookahs, hookah pens, and mods, on at least 1 day during the 30 days before the survey.",,,"CI = 95% confidence interval which indicates that 95% of the time, the value is expected to fall within this estimated range.",C02,H35
2019,Local,"Portland, OR",YRBS,Tobacco Use,Currently used electronic vapor products,Sex,Male,13.8,7.2,38.9,%,14.2,11.3,17.6,"*Including e-cigarettes, vapes, vape pens, e-cigars, e-hookahs, hookah pens, and mods, on at least 1 day during the 30 days before the survey.",,,"CI = 95% confidence interval which indicates that 95% of the time, the value is expected to fall within this estimated range.",C02,H35
2019,Local,"San Diego, CA",YRBS,Tobacco Use,Currently used electronic vapor products,Sex,Total,13.9,7.1,40.2,%,16.0,13.3,19.2,"*Including e-cigarettes, vapes, vape pens, e-cigars, e-hookahs, hookah pens, and mods, on at least 1 day during the 30 days before the survey.",,,"CI = 95% confidence interval which indicates that 95% of the time, the value is expected to fall within this estimated range.",C02,H35
2019,Local,"San Diego, CA",YRBS,Tobacco Use,Currently used electronic vapor products,Sex,Female,13.2,6.2,41.6,%,18.5,14.5,23.2,"*Including e-cigarettes, vapes, vape pens, e-cigars, e-hookahs, hookah pens, and mods, on at least 1 day during the 30 days before the survey.",,,"CI = 95% confidence interval which indicates that 95% of the time, the value is expected to fall within this estimated range.",C02,H35
2019,Local,"San Diego, CA",YRBS,Tobacco Use,Currently used electronic vapor products,Sex,Male,13.8,7.2,38.9,%,13.8,10.6,17.8,"*Including e-cigarettes, vapes, vape pens, e-cigars, e-hookahs, hookah pens, and mods, on at least 1 day during the 30 days before the survey.",,,"CI = 95% confidence interval which indicates that 95% of the time, the value is expected to fall within this estimated range.",C02,H35
2019,Local,"San Francisco, CA",YRBS,Tobacco Use,Currently used electronic vapor products,Sex,Total,13.9,7.1,40.2,%,16.0,13.8,18.4,"*Including e-cigarettes, vapes, vape pens, e-cigars, e-hookahs, hookah pens, and mods, on at least 1 day during the 30 days before the survey.",,,"CI = 95% confidence interval which indicates that 95% of the time, the value is expected to fall within this estimated range.",C02,H35
2019,Local,"San Francisco, CA",YRBS,Tobacco Use,Currently used electronic vapor products,Sex,Female,13.2,6.2,41.6,%,19.8,16.7,23.4,"*Including e-cigarettes, vapes, vape pens, e-cigars, e-hookahs, hookah pens, and mods, on at least 1 day during the 30 days before the survey.",,,"CI = 95% confidence interval which indicates that 95% of the time, the value is expected to fall within this estimated range.",C02,H35
2019,Local,"San Francisco, CA",YRBS,Tobacco Use,Currently used electronic vapor products,Sex,Male,13.8,7.2,38.9,%,12.3,9.8,15.4,"*Including e-cigarettes, vapes, vape pens, e-cigars, e-hookahs, hookah pens, and mods, on at least 1 day during the 30 days before the survey.",,,"CI = 95% confidence interval which indicates that 95% of the time, the value is expected to fall within this estimated range.",C02,H35
2019,Local,"Seattle, WA",YRBS,Tobacco Use,Currently used electronic vapor products,Sex,Total,13.9,7.1,40.2,%,23.4,19.7,27.5,"*Including e-cigarettes, vapes, vape pens, e-cigars, e-hookahs, hookah pens, and mods, on at least 1 day during the 30 days before the survey.",,,"CI = 95% confidence interval which indicates that 95% of the time, the value is expected to fall within this estimated range.",C02,H35
2019,Local,"Seattle, WA",YRBS,Tobacco Use,Currently used electronic vapor products,Sex,Female,13.2,6.2,41.6,%,25.7,19.9,32.5,"*Including e-cigarettes, vapes, vape pens, e-cigars, e-hookahs, hookah pens, and mods, on at least 1 day during the 30 days before the survey.",,,"CI = 95% confidence interval which indicates that 95% of the time, the value is expected to fall within this estimated range.",C02,H35
2019,Local,"Seattle, WA",YRBS,Tobacco Use,Currently used electronic vapor products,Sex,Male,13.8,7.2,38.9,%,20.8,17.4,24.7,"*Including e-cigarettes, vapes, vape pens, e-cigars, e-hookahs, hookah pens, and mods, on at least 1 day during the 30 days before the survey.",,,"CI = 95% confidence interval which indicates that 95% of the time, the value is expected to fall within this estimated range.",C02,H35
2019,Local,"Shelby County, TN",YRBS,Tobacco Use,Currently used electronic vapor products,Sex,Total,13.9,7.1,40.2,%,10.4,8.5,12.7,"*Including e-cigarettes, vapes, vape pens, e-cigars, e-hookahs, hookah pens, and mods, on at least 1 day during the 30 days before the survey.",,,"CI = 95% confidence interval which indicates that 95% of the time, the value is expected to fall within this estimated range.",C02,H35
2019,Local,"Shelby County, TN",YRBS,Tobacco Use,Currently used electronic vapor products,Sex,Female,13.2,6.2,41.6,%,11.2,8.9,14.0,"*Including e-cigarettes, vapes, vape pens, e-cigars, e-hookahs, hookah pens, and mods, on at least 1 day during the 30 days before the survey.",,,"CI = 95% confidence interval which indicates that 95% of the time, the value is expected to fall within this estimated range.",C02,H35
2019,Local,"Shelby County, TN",YRBS,Tobacco Use,Currently used electronic vapor products,Sex,Male,13.8,7.2,38.9,%,8.8,6.0,12.8,"*Including e-cigarettes, vapes, vape pens, e-cigars, e-hookahs, hookah pens, and mods, on at least 1 day during the 30 days before the survey.",,,"CI = 95% confidence interval which indicates that 95% of the time, the value is expected to fall within this estimated range.",C02,H35
2019,Local,"Spartanburg County, SC",YRBS,Tobacco Use,Currently used electronic vapor products,Sex,Total,13.9,7.1,40.2,%,23.5,19.8,27.7,"*Including e-cigarettes, vapes, vape pens, e-cigars, e-hookahs, hookah pens, and mods, on at least 1 day during the 30 days before the survey.",,,"CI = 95% confidence interval which indicates that 95% of the time, the value is expected to fall within this estimated range.",C02,H35
2019,Local,"Spartanburg County, SC",YRBS,Tobacco Use,Currently used electronic vapor products,Sex,Female,13.2,6.2,41.6,%,24.5,19.9,29.7,"*Including e-cigarettes, vapes, vape pens, e-cigars, e-hookahs, hookah pens, and mods, on at least 1 day during the 30 days before the survey.",,,"CI = 95% confidence interval which indicates that 95% of the time, the value is expected to fall within this estimated range.",C02,H35
2019,Local,"Spartanburg County, SC",YRBS,Tobacco Use,Currently used electronic vapor products,Sex,Male,13.8,7.2,38.9,%,22.8,18.0,28.4,"*Including e-cigarettes, vapes, vape pens, e-cigars, e-hookahs, hookah pens, and mods, on at least 1 day during the 30 days before the survey.",,,"CI = 95% confidence interval which indicates that 95% of the time, the value is expected to fall within this estimated range.",C02,H35